Time(s),Temp(C),Power(W),Freq0(MHz),Freq4(MHz),Freq7(MHz)
0.0,37.4,0.946,2016.0,2707.2,2918.4
2.0,37.4,1.352,2016.0,2188.8,2304.0
4.0,37.4,1.831,2016.0,2188.8,2304.0
6.0,37.4,2.224,2016.0,2188.8,2150.4
8.0,37.4,1.04,2016.0,2073.6,2150.4
10.0,37.4,0.328,2016.0,1920.0,2150.4
12.0,37.4,0.189,2016.0,1920.0,2150.4
14.0,37.4,0.168,2016.0,1920.0,2150.4
16.0,37.4,0.108,2016.0,1920.0,2150.4
18.0,37.4,0.168,2016.0,1920.0,2150.4
20.01,37.5,0.365,2016.0,1920.0,2150.4
22.01,37.5,0.664,2016.0,1920.0,2150.4
24.01,37.6,3.086,2016.0,2707.2,2918.4
26.01,37.6,0.092,2016.0,1401.6,1324.8
28.01,37.6,0.47,2016.0,1401.6,1324.8
30.01,37.6,0.47,2016.0,1401.6,1324.8
32.01,37.6,0.47,2016.0,1401.6,1324.8
34.01,37.6,0.47,2016.0,1401.6,1324.8
36.01,37.6,0.47,2016.0,1401.6,1324.8
38.01,37.6,0.471,2016.0,1497.6,1459.2
40.01,37.7,0.35,2016.0,1593.6,1459.2
42.01,37.7,0.249,2016.0,1708.8,1459.2
44.02,37.7,0.129,2016.0,1708.8,1459.2
46.02,37.7,0.189,2016.0,1593.6,1324.8
48.02,37.7,0.133,2016.0,1497.6,1324.8
50.02,37.7,0.35,2016.0,1401.6,1324.8
52.02,37.7,0.47,2016.0,1401.6,1324.8
54.02,37.7,0.47,2016.0,1497.6,1459.2
56.02,37.7,0.169,2016.0,1593.6,1459.2
58.02,37.7,0.169,2016.0,1708.8,1459.2
60.02,37.8,0.149,2016.0,1593.6,1324.8
62.02,37.8,0.149,2016.0,1497.6,1324.8
64.02,37.8,0.229,2016.0,1401.6,1324.8
66.02,37.8,0.209,2016.0,1401.6,1324.8
68.02,37.8,1.204,2016.0,1401.6,1324.8
70.02,37.8,0.169,2016.0,1401.6,1324.8
72.02,37.8,1.58,2016.0,1401.6,1324.8
74.02,37.8,1.204,2016.0,1401.6,1324.8
76.02,37.8,1.42,2016.0,1401.6,1324.8
78.02,37.8,1.163,2016.0,1401.6,1324.8
80.02,37.8,1.124,2016.0,1401.6,1324.8
82.02,37.8,1.084,2016.0,1401.6,1324.8
84.02,37.8,1.184,2016.0,1401.6,1324.8
86.02,37.8,1.245,2016.0,1401.6,1324.8
88.03,37.8,1.085,2016.0,1401.6,1324.8
90.03,37.8,2.037,2016.0,1401.6,1324.8
92.03,37.8,1.28,2016.0,1401.6,1324.8
94.03,37.8,1.104,2016.0,1401.6,1324.8
96.03,37.8,0.767,2016.0,1401.6,1324.8
98.03,37.8,0.807,2016.0,1401.6,1324.8
100.03,37.9,0.748,2016.0,1497.6,1459.2
102.03,37.9,0.884,2016.0,1593.6,1459.2
104.03,37.9,0.904,2016.0,1708.8,1459.2
106.03,37.9,1.319,2016.0,1708.8,1459.2
108.03,37.9,1.084,2016.0,1708.8,1459.2
110.03,37.9,1.123,2016.0,1708.8,1459.2
112.03,37.9,1.38,2016.0,1593.6,1324.8
114.03,37.9,1.124,2016.0,1497.6,1324.8
116.03,37.9,0.884,2016.0,1401.6,1324.8
118.03,37.9,0.786,2016.0,1401.6,1324.8
120.03,37.9,1.063,2016.0,1401.6,1324.8
122.03,37.9,1.143,2016.0,1401.6,1324.8
124.03,37.9,0.842,2016.0,1401.6,1324.8
126.03,37.9,0.725,2016.0,1497.6,1459.2
128.03,37.9,0.844,2016.0,1593.6,1459.2
130.03,37.9,0.727,2016.0,1708.8,1459.2
132.03,37.9,1.643,2016.0,1708.8,1459.2
134.03,37.9,0.881,2016.0,1708.8,1459.2
136.03,37.9,0.961,2016.0,1708.8,1459.2
138.03,37.9,1.042,2016.0,1708.8,1459.2
140.03,37.9,1.121,2016.0,1708.8,1459.2
142.04,37.9,0.981,2016.0,1708.8,1459.2
144.04,37.9,1.298,2016.0,1708.8,1459.2
146.04,37.9,1.059,2016.0,1593.6,1324.8
148.04,37.9,0.822,2016.0,1497.6,1324.8
150.04,37.9,0.863,2016.0,1401.6,1324.8
152.04,37.9,0.862,2016.0,1401.6,1324.8
154.04,37.9,0.727,2016.0,1401.6,1324.8
156.04,37.9,0.646,2016.0,1401.6,1324.8
158.04,37.9,1.28,2016.0,1401.6,1324.8
160.04,37.9,1.833,2016.0,1401.6,1324.8
162.04,37.9,1.163,2016.0,1401.6,1324.8
164.04,37.9,0.747,2016.0,1401.6,1324.8
166.04,38.0,0.746,2016.0,1401.6,1324.8
168.04,38.0,0.706,2016.0,1401.6,1324.8
170.04,38.0,0.345,2016.0,1401.6,1324.8
172.04,38.0,0.405,2016.0,1401.6,1324.8
174.04,38.0,0.506,2016.0,1401.6,1324.8
176.04,38.0,0.486,2016.0,1401.6,1324.8
178.04,38.0,0.329,2016.0,1497.6,1459.2
180.04,38.0,0.863,2016.0,1497.6,1459.2
182.04,38.0,0.625,2016.0,1708.8,1459.2
184.04,38.0,0.942,2016.0,1708.8,1459.2
186.04,38.0,0.861,2016.0,1593.6,1324.8
188.04,38.0,0.565,2016.0,1497.6,1324.8
190.04,38.0,0.545,2016.0,1401.6,1324.8
192.05,38.0,0.665,2016.0,1401.6,1324.8
194.05,38.0,0.706,2016.0,1401.6,1324.8
196.05,38.0,0.545,2016.0,1401.6,1324.8
198.05,38.0,0.626,2016.0,1401.6,1324.8
200.05,38.0,0.505,2016.0,1401.6,1324.8
202.05,38.0,0.385,2016.0,1401.6,1324.8
204.05,38.0,0.525,2016.0,1401.6,1324.8
206.05,38.0,0.922,2016.0,1401.6,1324.8
208.05,38.0,0.606,2016.0,1401.6,1324.8
210.05,38.0,0.525,2016.0,1401.6,1324.8
212.05,38.0,0.485,2016.0,1401.6,1324.8
214.05,38.0,0.505,2016.0,1401.6,1324.8
216.05,38.0,0.345,2016.0,1497.6,1459.2
218.05,38.0,0.345,2016.0,1401.6,1324.8
220.05,38.0,0.128,2016.0,1401.6,1324.8
222.05,38.0,0.289,2016.0,1401.6,1459.2
224.05,38.0,0.229,2016.0,1497.6,1459.2
226.05,38.0,0.405,2016.0,1593.6,1459.2
228.05,38.0,0.605,2016.0,1708.8,1459.2
230.05,38.0,0.466,2016.0,1708.8,1459.2
232.05,38.0,0.405,2016.0,1708.8,1459.2
234.05,38.0,0.505,2016.0,1593.6,1324.8
236.05,38.0,3.712,2016.0,1497.6,1324.8
238.05,38.0,3.206,2016.0,1401.6,1324.8
240.05,38.1,0.364,2016.0,1401.6,1324.8
242.06,38.1,0.465,2016.0,1401.6,1324.8
244.06,38.1,0.028,2016.0,1401.6,1324.8
246.06,38.1,0.048,2016.0,1401.6,1324.8
248.06,38.1,0.525,2016.0,1401.6,1324.8
250.06,38.1,0.685,2016.0,1401.6,1324.8
252.06,38.1,0.625,2016.0,1401.6,1324.8
254.06,38.1,0.405,2016.0,1401.6,1324.8
256.06,38.1,0.309,2016.0,1401.6,1324.8
258.06,38.1,0.088,2016.0,1401.6,1324.8
260.06,38.1,0.128,2016.0,1401.6,1324.8
262.06,38.1,0.068,2016.0,1401.6,1324.8
264.06,38.1,0.068,2016.0,1401.6,1324.8
266.06,38.1,0.028,2016.0,1401.6,1324.8
268.06,38.1,0.289,2016.0,1401.6,1324.8
270.06,38.2,0.309,2016.0,1401.6,1324.8
272.06,38.2,0.189,2016.0,1401.6,1324.8
274.06,38.2,0.426,2016.0,1401.6,1324.8
276.06,38.2,0.586,2016.0,1401.6,1324.8
278.06,38.2,0.705,2016.0,1401.6,1324.8
280.06,38.2,0.545,2016.0,1401.6,1324.8
282.06,38.2,0.148,2016.0,1401.6,1324.8
284.06,38.2,0.148,2016.0,1401.6,1324.8
286.06,38.2,0.365,2016.0,1401.6,1324.8
288.07,38.2,0.248,2016.0,1401.6,1324.8
290.07,38.2,0.052,2016.0,1401.6,1324.8
292.07,38.2,0.289,2016.0,1401.6,1324.8
294.07,38.2,0.404,2016.0,1401.6,1324.8
296.07,38.2,0.405,2016.0,1401.6,1324.8
298.07,38.2,0.962,2016.0,1401.6,1324.8
300.07,38.2,0.108,2016.0,1401.6,1324.8
302.07,38.2,0.028,2016.0,1401.6,1324.8
304.07,38.2,0.028,2016.0,1401.6,1324.8
306.07,38.2,0.028,2016.0,1401.6,1324.8
308.07,38.2,1.48,2016.0,1401.6,1324.8
310.07,38.2,0.168,2016.0,1401.6,1324.8
312.07,38.2,0.228,2016.0,1401.6,1324.8
314.07,38.2,0.048,2016.0,1401.6,1324.8
316.07,38.2,0.132,2016.0,1401.6,1324.8
318.07,38.2,0.269,2016.0,1401.6,1324.8
320.07,38.2,0.49,2016.0,1401.6,1324.8
322.07,38.2,0.55,2016.0,1401.6,1324.8
324.08,38.2,0.861,2016.0,1401.6,1324.8
326.08,38.2,1.359,2016.0,1401.6,1324.8
328.08,38.2,0.384,2016.0,1401.6,1324.8
330.08,38.2,0.429,2016.0,1401.6,1324.8
332.08,38.2,0.43,2016.0,1401.6,1324.8
334.08,38.2,0.289,2016.0,1401.6,1324.8
336.08,38.2,0.429,2016.0,1401.6,1324.8
338.08,38.2,0.591,2016.0,1401.6,1324.8
340.08,38.2,0.571,2016.0,1401.6,1324.8
342.08,38.2,0.929,2016.0,1497.6,1459.2
344.08,38.2,0.807,2016.0,1593.6,1459.2
346.08,38.2,0.88,2016.0,1708.8,1459.2
348.09,38.2,0.643,2016.0,1593.6,1324.8
350.09,38.2,0.444,2016.0,1497.6,1324.8
352.09,38.2,0.189,2016.0,1401.6,1324.8
354.09,38.2,0.842,2016.0,1401.6,1324.8
356.09,38.2,0.068,2016.0,1401.6,1324.8
358.09,38.2,0.028,2016.0,1401.6,1324.8
360.09,38.2,0.229,2016.0,1401.6,1324.8
362.09,38.2,0.329,2016.0,1401.6,1324.8
364.09,38.2,0.028,2016.0,1401.6,1324.8
366.09,38.2,0.364,2016.0,1401.6,1324.8
368.09,38.2,0.445,2016.0,1401.6,1324.8
370.09,38.2,0.128,2016.0,1401.6,1324.8
372.09,38.2,0.128,2016.0,1401.6,1324.8
374.1,38.2,0.092,2016.0,1401.6,1324.8
376.1,38.2,0.072,2016.0,1401.6,1324.8
378.1,38.2,0.209,2016.0,1401.6,1324.8
380.1,38.2,0.429,2016.0,1401.6,1324.8
382.1,38.2,0.329,2016.0,1401.6,1324.8
384.1,38.2,0.389,2016.0,1401.6,1324.8
386.1,38.2,0.028,2016.0,1401.6,1324.8
388.1,38.2,0.308,2016.0,1401.6,1324.8
390.1,38.2,0.168,2016.0,1401.6,1324.8
392.1,38.2,0.189,2016.0,1401.6,1324.8
394.11,38.2,0.269,2016.0,1401.6,1324.8
396.11,38.2,0.33,2016.0,1401.6,1324.8
398.11,38.2,0.189,2016.0,1401.6,1324.8
400.11,38.2,0.072,2016.0,1401.6,1324.8
402.11,38.2,0.389,2016.0,1401.6,1324.8
404.11,38.2,0.309,2016.0,1401.6,1324.8
406.11,38.2,0.429,2016.0,1497.6,1324.8
408.11,38.2,0.349,2016.0,1593.6,1459.2
410.11,38.2,0.189,2016.0,1708.8,1459.2
412.11,38.2,0.188,2016.0,1593.6,1324.8
414.11,38.2,0.188,2016.0,1497.6,1324.8
416.11,38.2,0.189,2016.0,1401.6,1324.8
418.11,38.2,0.048,2016.0,1401.6,1324.8
420.11,38.2,0.329,2016.0,1401.6,1324.8
422.12,38.2,0.429,2016.0,1401.6,1324.8
424.12,38.2,0.49,2016.0,1401.6,1324.8
426.12,38.2,0.369,2016.0,1401.6,1324.8
428.12,38.2,0.148,2016.0,1401.6,1324.8
430.12,38.2,0.249,2016.0,1401.6,1324.8
432.12,38.2,0.052,2016.0,1401.6,1324.8
434.12,38.2,0.048,2016.0,1401.6,1324.8
436.12,38.2,0.032,2016.0,1401.6,1324.8
438.12,38.2,0.449,2016.0,1401.6,1324.8
440.12,38.2,0.349,2016.0,1401.6,1324.8
442.12,38.2,0.43,2016.0,1401.6,1324.8
444.12,38.2,0.53,2016.0,1401.6,1324.8
446.12,38.2,0.309,2016.0,1401.6,1324.8
448.13,38.2,0.409,2016.0,1401.6,1324.8
450.13,38.2,0.43,2016.0,1401.6,1324.8
452.13,38.2,0.449,2016.0,1401.6,1324.8
454.13,38.2,0.269,2016.0,1401.6,1324.8
456.13,38.2,0.309,2016.0,1401.6,1324.8
458.13,38.2,0.289,2016.0,1401.6,1324.8
460.13,38.2,0.309,2016.0,1401.6,1324.8
462.13,38.2,0.289,2016.0,1401.6,1324.8
464.13,38.2,0.309,2016.0,1401.6,1324.8
466.13,38.2,0.45,2016.0,1401.6,1324.8
468.13,38.2,0.531,2016.0,1401.6,1324.8
470.13,38.2,0.571,2016.0,1401.6,1324.8
472.13,38.2,0.607,2016.0,1401.6,1324.8
474.13,38.2,0.55,2016.0,1401.6,1324.8
476.13,38.2,0.551,2016.0,1401.6,1324.8
478.13,38.2,0.627,2016.0,1401.6,1324.8
480.13,38.2,0.37,2016.0,1401.6,1324.8
482.13,38.2,0.269,2016.0,1401.6,1324.8
484.13,38.2,0.189,2016.0,1401.6,1324.8
486.14,38.2,0.249,2016.0,1401.6,1324.8
488.14,38.2,0.269,2016.0,1401.6,1324.8
490.14,38.2,0.189,2016.0,1401.6,1324.8
492.14,38.2,0.369,2016.0,1401.6,1324.8
494.14,38.2,0.309,2016.0,1401.6,1324.8
496.14,38.2,0.37,2016.0,1401.6,1324.8
498.14,38.2,0.269,2016.0,1401.6,1324.8
500.14,38.2,0.092,2016.0,1401.6,1324.8
502.14,38.2,0.032,2016.0,1401.6,1324.8
504.14,38.2,0.209,2016.0,1401.6,1324.8
506.14,38.2,0.289,2016.0,1401.6,1324.8
508.14,38.2,0.53,2016.0,1401.6,1324.8
510.14,38.2,0.49,2016.0,1401.6,1324.8
512.14,38.2,0.49,2016.0,1401.6,1324.8
514.14,38.2,0.29,2016.0,1401.6,1324.8
516.14,38.2,0.349,2016.0,1401.6,1324.8
518.14,38.2,0.37,2016.0,1401.6,1324.8
520.14,38.2,0.189,2016.0,1401.6,1324.8
522.15,38.2,0.072,2016.0,1401.6,1324.8
524.15,38.2,0.529,2016.0,1401.6,1324.8
526.15,38.2,0.349,2016.0,1401.6,1324.8
528.15,38.2,0.51,2016.0,1401.6,1324.8
530.15,38.2,0.551,2016.0,1401.6,1324.8
532.15,38.2,0.49,2016.0,1401.6,1324.8
534.15,38.2,0.51,2016.0,1401.6,1324.8
536.15,38.2,0.41,2016.0,1401.6,1324.8
538.15,38.2,0.289,2016.0,1401.6,1324.8
540.15,38.2,0.269,2016.0,1401.6,1324.8
542.16,38.2,0.032,2016.0,1401.6,1324.8
544.16,38.2,0.268,2016.0,1401.6,1324.8
546.16,38.2,0.269,2016.0,1401.6,1324.8
548.16,38.2,0.209,2016.0,1401.6,1324.8
550.16,38.2,0.309,2016.0,1401.6,1324.8
552.16,38.2,0.169,2016.0,1401.6,1324.8
554.16,38.2,1.063,2016.0,1401.6,1324.8
556.16,38.2,0.409,2016.0,1401.6,1324.8
558.17,38.2,0.943,2016.0,1401.6,1324.8
560.17,38.2,0.962,2016.0,1401.6,1324.8
562.17,38.2,1.143,2016.0,1401.6,1324.8
564.17,38.2,1.003,2016.0,1401.6,1324.8
566.17,38.2,1.083,2016.0,1401.6,1324.8
568.17,38.2,1.32,2016.0,1401.6,1324.8
570.17,38.3,1.083,2016.0,1401.6,1324.8
572.17,38.3,0.963,2016.0,1401.6,1324.8
574.17,38.3,0.787,2016.0,1401.6,1324.8
576.17,38.3,0.962,2016.0,1401.6,1324.8
578.17,38.3,0.806,2016.0,1401.6,1324.8
580.17,38.3,0.746,2016.0,1401.6,1324.8
582.17,38.3,0.923,2016.0,1401.6,1324.8
584.18,38.3,0.787,2016.0,1401.6,1324.8
586.18,38.3,0.863,2016.0,1401.6,1324.8
588.18,38.3,0.766,2016.0,1401.6,1324.8
590.19,38.3,1.204,2016.0,1401.6,1324.8
592.19,38.3,1.201,2016.0,1401.6,1324.8
594.19,38.3,0.942,2016.0,1401.6,1324.8
596.19,38.3,1.123,2016.0,1401.6,1324.8
598.19,38.3,1.063,2016.0,1401.6,1324.8
600.19,38.3,1.202,2016.0,1401.6,1324.8
602.19,38.3,1.122,2016.0,1401.6,1324.8
604.19,38.3,0.881,2016.0,1401.6,1324.8
606.19,38.3,1.003,2016.0,1401.6,1324.8
608.19,38.3,0.706,2016.0,1401.6,1324.8
610.19,38.3,0.96,2016.0,1401.6,1324.8
612.19,38.3,0.625,2016.0,1401.6,1324.8
614.19,38.3,0.645,2016.0,1401.6,1324.8
616.19,38.3,0.882,2016.0,1401.6,1324.8
618.19,38.3,0.962,2016.0,1401.6,1324.8
620.19,38.3,0.843,2016.0,1401.6,1324.8
622.19,38.3,0.841,2016.0,1401.6,1324.8
624.19,38.3,0.706,2016.0,1401.6,1324.8
626.19,38.3,0.766,2016.0,1401.6,1324.8
628.19,38.3,0.745,2016.0,1401.6,1324.8
630.19,38.3,0.725,2016.0,1401.6,1324.8
632.19,38.3,0.646,2016.0,1401.6,1324.8
634.2,38.3,0.726,2016.0,1401.6,1324.8
636.2,38.3,1.164,2016.0,1401.6,1324.8
638.2,38.3,1.161,2016.0,1401.6,1324.8
640.2,38.3,0.881,2016.0,1401.6,1324.8
642.2,38.3,0.525,2016.0,1401.6,1324.8
644.2,38.3,0.964,2016.0,1401.6,1324.8
646.2,38.3,0.863,2016.0,1401.6,1324.8
648.2,38.3,0.861,2016.0,1401.6,1324.8
650.21,38.3,0.806,2016.0,1401.6,1324.8
652.21,38.3,0.725,2016.0,1401.6,1324.8
654.21,38.3,0.625,2016.0,1401.6,1324.8
656.21,38.3,0.545,2016.0,1401.6,1324.8
658.21,38.3,0.964,2016.0,1401.6,1324.8
660.21,38.3,2.249,2016.0,1401.6,1324.8
662.21,38.3,0.882,2016.0,1401.6,1324.8
664.21,38.3,0.862,2016.0,1401.6,1324.8
666.21,38.3,0.625,2016.0,1401.6,1324.8
668.21,38.3,0.605,2016.0,1401.6,1324.8
670.21,38.3,0.445,2016.0,1401.6,1324.8
672.21,38.3,0.546,2016.0,1401.6,1324.8
674.22,38.3,0.585,2016.0,1401.6,1324.8
676.22,38.3,0.746,2016.0,1401.6,1324.8
678.22,38.3,0.685,2016.0,1401.6,1324.8
680.22,38.4,0.666,2016.0,1401.6,1324.8
682.22,38.4,0.725,2016.0,1401.6,1324.8
684.22,38.4,0.922,2016.0,1401.6,1324.8
686.22,38.4,1.122,2016.0,1401.6,1324.8
688.22,38.4,0.903,2016.0,1401.6,1324.8
690.22,38.4,0.644,2016.0,1401.6,1324.8
692.22,38.4,0.385,2016.0,1401.6,1324.8
694.23,38.4,0.289,2016.0,1401.6,1324.8
696.23,38.4,0.546,2016.0,1401.6,1324.8
698.23,38.4,0.405,2016.0,1401.6,1324.8
700.23,38.4,0.505,2016.0,1401.6,1324.8
702.23,38.4,0.385,2016.0,1401.6,1324.8
704.23,38.4,0.882,2016.0,1401.6,1324.8
706.23,38.4,1.08,2016.0,1401.6,1324.8
708.23,38.4,0.961,2016.0,1401.6,1324.8
710.23,38.4,0.565,2016.0,1401.6,1324.8
712.23,38.4,0.626,2016.0,1401.6,1324.8
714.23,38.4,0.405,2016.0,1401.6,1324.8
716.23,38.4,0.504,2016.0,1401.6,1324.8
718.23,38.4,0.365,2016.0,1401.6,1324.8
720.23,38.4,0.405,2016.0,1401.6,1324.8
722.24,38.4,0.921,2016.0,1401.6,1324.8
724.24,38.4,1.335,2016.0,1401.6,1324.8
726.24,38.4,0.645,2016.0,1401.6,1324.8
728.24,38.4,0.84,2016.0,1401.6,1324.8
730.24,38.4,0.465,2016.0,1401.6,1324.8
732.24,38.4,0.328,2016.0,1401.6,1324.8
734.24,38.4,0.188,2016.0,1401.6,1324.8
736.24,38.4,0.108,2016.0,1401.6,1324.8
738.24,38.4,0.189,2016.0,1401.6,1324.8
740.24,38.4,0.168,2016.0,1401.6,1324.8
742.24,38.4,0.208,2016.0,1401.6,1324.8
744.24,38.4,0.168,2016.0,1401.6,1324.8
746.24,38.4,0.208,2016.0,1401.6,1324.8
748.24,38.4,0.128,2016.0,1401.6,1324.8
750.24,38.4,0.168,2016.0,1401.6,1324.8
752.24,38.4,0.425,2016.0,1401.6,1324.8
754.26,38.4,0.425,2016.0,1401.6,1324.8
756.26,38.4,0.405,2016.0,1401.6,1324.8
758.26,38.4,0.445,2016.0,1401.6,1324.8
760.26,38.4,0.108,2016.0,1401.6,1324.8
762.26,38.4,0.128,2016.0,1401.6,1324.8
764.26,38.4,0.309,2016.0,1401.6,1324.8
766.26,38.4,0.268,2016.0,1401.6,1324.8
768.26,38.4,0.385,2016.0,1401.6,1324.8
770.26,38.4,0.268,2016.0,1401.6,1324.8
772.26,38.4,0.364,2016.0,1401.6,1324.8
774.26,38.4,0.544,2016.0,1401.6,1324.8
776.27,38.4,0.524,2016.0,1401.6,1324.8
778.27,38.4,0.288,2016.0,1401.6,1324.8
780.27,38.4,0.268,2016.0,1401.6,1324.8
782.27,38.4,0.188,2016.0,1401.6,1324.8
784.27,38.4,0.208,2016.0,1401.6,1324.8
786.27,38.4,0.052,2016.0,1401.6,1324.8
788.27,38.4,0.032,2016.0,1401.6,1324.8
790.27,38.4,0.345,2016.0,1401.6,1324.8
792.27,38.4,0.365,2016.0,1401.6,1324.8
794.27,38.4,0.028,2016.0,1401.6,1324.8
796.27,38.4,0.424,2016.0,1401.6,1324.8
798.27,38.4,0.328,2016.0,1401.6,1324.8
800.27,38.4,0.168,2016.0,1401.6,1324.8
802.27,38.4,0.208,2016.0,1401.6,1324.8
804.27,38.4,0.068,2016.0,1401.6,1324.8
806.27,38.4,0.128,2016.0,1401.6,1324.8
808.27,38.4,0.052,2016.0,1401.6,1324.8
810.28,38.4,0.092,2016.0,1401.6,1324.8
812.28,38.4,0.425,2016.0,1401.6,1324.8
814.28,38.4,0.028,2016.0,1401.6,1324.8
816.28,38.4,0.168,2016.0,1401.6,1324.8
818.28,38.4,0.032,2016.0,1401.6,1324.8
820.28,38.4,0.365,2016.0,1401.6,1324.8
822.3,38.4,0.504,2016.0,1401.6,1324.8
824.3,38.4,0.344,2016.0,1401.6,1324.8
826.3,38.4,0.544,2016.0,1401.6,1324.8
828.3,38.4,0.248,2016.0,1401.6,1324.8
830.3,38.4,0.168,2016.0,1401.6,1324.8
832.3,38.4,0.028,2016.0,1401.6,1324.8
834.3,38.4,0.765,2016.0,1401.6,1324.8
836.3,38.4,0.032,2016.0,1401.6,1324.8
838.31,38.4,0.269,2016.0,1401.6,1324.8
840.31,38.4,0.188,2016.0,1401.6,1324.8
842.31,38.4,0.248,2016.0,1401.6,1324.8
844.31,38.4,0.288,2016.0,1401.6,1324.8
846.31,38.4,0.148,2016.0,1401.6,1324.8
848.31,38.4,0.032,2016.0,1401.6,1324.8
850.31,38.4,0.088,2016.0,1401.6,1324.8
852.31,38.4,0.208,2016.0,1401.6,1324.8
854.31,38.4,0.092,2016.0,1401.6,1324.8
856.31,38.4,0.088,2016.0,1401.6,1324.8
858.31,38.4,0.148,2016.0,1401.6,1324.8
860.31,38.4,0.092,2016.0,1401.6,1324.8
862.31,38.4,0.108,2016.0,1401.6,1324.8
864.31,38.4,0.088,2016.0,1401.6,1324.8
866.31,38.4,0.208,2016.0,1401.6,1324.8
868.31,38.4,0.168,2016.0,1401.6,1324.8
870.31,38.4,0.188,2016.0,1401.6,1324.8
872.31,38.4,0.349,2016.0,1401.6,1324.8
874.31,38.4,0.148,2016.0,1401.6,1324.8
876.31,38.4,0.389,2016.0,1401.6,1324.8
878.32,38.4,0.248,2016.0,1401.6,1324.8
880.32,38.4,0.208,2016.0,1401.6,1324.8
882.32,38.4,0.308,2016.0,1401.6,1324.8
884.32,38.4,0.369,2016.0,1401.6,1324.8
886.32,38.4,0.249,2016.0,1401.6,1324.8
888.32,38.4,0.032,2016.0,1401.6,1324.8
890.32,38.4,0.0,2016.0,1401.6,1324.8
892.32,38.4,0.072,2016.0,1401.6,1324.8
894.32,38.4,0.052,2016.0,1401.6,1324.8
896.32,38.4,0.269,2016.0,1401.6,1324.8
898.32,38.4,0.309,2016.0,1401.6,1324.8
900.32,38.3,0.228,2016.0,1401.6,1324.8
902.32,38.3,0.188,2016.0,1401.6,1324.8
904.32,38.3,0.188,2016.0,1401.6,1324.8
906.32,38.3,0.269,2016.0,1401.6,1324.8
908.33,38.3,0.269,2016.0,1401.6,1324.8
910.33,38.3,0.308,2016.0,1401.6,1324.8
912.33,38.3,0.404,2016.0,1401.6,1324.8
914.33,38.3,0.088,2016.0,1401.6,1324.8
916.33,38.3,0.148,2016.0,1401.6,1324.8
918.33,38.3,0.132,2016.0,1401.6,1324.8
920.34,38.3,0.349,2016.0,1401.6,1324.8
922.35,38.3,0.449,2016.0,1401.6,1324.8
924.35,38.3,0.45,2016.0,1401.6,1324.8
926.35,38.3,0.112,2016.0,1401.6,1324.8
928.35,38.3,0.309,2016.0,1401.6,1324.8
930.35,38.4,0.032,2016.0,1401.6,1324.8
932.35,38.4,0.092,2016.0,1401.6,1324.8
934.36,38.4,0.248,2016.0,1401.6,1324.8
936.36,38.4,0.289,2016.0,1401.6,1324.8
938.36,38.4,0.429,2016.0,1401.6,1324.8
940.36,38.4,0.228,2016.0,1401.6,1324.8
942.36,38.4,0.269,2016.0,1401.6,1324.8
944.36,38.4,0.268,2016.0,1401.6,1324.8
946.36,38.4,0.148,2016.0,1401.6,1324.8
948.36,38.4,0.269,2016.0,1401.6,1324.8
950.36,38.4,0.349,2016.0,1401.6,1324.8
952.36,38.4,0.449,2016.0,1401.6,1324.8
954.36,38.4,0.51,2016.0,1401.6,1324.8
956.36,38.4,0.249,2016.0,1401.6,1324.8
958.36,38.4,0.092,2016.0,1401.6,1324.8
960.36,38.4,0.269,2016.0,1401.6,1324.8
962.36,38.4,0.329,2016.0,1401.6,1324.8
964.36,38.4,0.49,2016.0,1401.6,1324.8
966.36,38.4,0.531,2016.0,1401.6,1324.8
968.36,38.4,0.349,2016.0,1401.6,1324.8
970.36,38.4,0.209,2016.0,1401.6,1324.8
972.36,38.4,0.446,2016.0,1401.6,1324.8
974.37,38.4,0.149,2016.0,1401.6,1324.8
976.37,38.4,0.329,2016.0,1401.6,1324.8
978.37,38.4,0.249,2016.0,1401.6,1324.8
980.37,38.4,0.349,2016.0,1401.6,1324.8
982.37,38.4,0.249,2016.0,1401.6,1324.8
984.37,38.4,0.409,2016.0,1401.6,1324.8
986.37,38.4,0.148,2016.0,1401.6,1324.8
988.37,38.4,0.329,2016.0,1401.6,1324.8
990.37,38.4,0.229,2016.0,1401.6,1324.8
992.37,38.4,0.449,2016.0,1401.6,1324.8
994.37,38.4,0.072,2016.0,1401.6,1324.8
996.37,38.4,0.389,2016.0,1401.6,1324.8
998.37,38.4,0.963,2016.0,1401.6,1324.8
1000.37,38.4,0.132,2016.0,1401.6,1324.8
1002.38,38.4,0.229,2016.0,1401.6,1324.8
1004.38,38.4,0.289,2016.0,1401.6,1324.8
1006.38,38.4,0.349,2016.0,1401.6,1324.8
1008.38,38.4,0.289,2016.0,1401.6,1324.8
1010.38,38.4,0.329,2016.0,1401.6,1324.8
1012.38,38.4,0.229,2016.0,1401.6,1324.8
1014.38,38.4,0.229,2016.0,1401.6,1324.8
1016.38,38.4,0.269,2016.0,1401.6,1324.8
1018.38,38.4,0.148,2016.0,1401.6,1324.8
1020.38,38.4,0.209,2016.0,1401.6,1324.8
1022.38,38.4,0.168,2016.0,1401.6,1324.8
1024.38,38.4,0.132,2016.0,1401.6,1324.8
1026.38,38.4,0.385,2016.0,1401.6,1324.8
1028.38,38.4,0.188,2016.0,1401.6,1324.8
1030.39,38.4,0.028,2016.0,1401.6,1324.8
1032.39,38.4,0.112,2016.0,1401.6,1324.8
1034.39,38.4,0.268,2016.0,1401.6,1324.8
1036.39,38.4,0.368,2016.0,1401.6,1324.8
1038.39,38.4,1.023,2016.0,1401.6,1324.8
1040.39,38.4,0.449,2016.0,1401.6,1324.8
1042.39,38.4,0.922,2016.0,1401.6,1324.8
1044.39,38.4,1.101,2016.0,1401.6,1324.8
1046.39,38.4,1.202,2016.0,1401.6,1324.8
1048.39,38.4,1.202,2016.0,1401.6,1324.8
1050.39,38.4,1.275,2016.0,1401.6,1324.8
1052.39,38.4,1.001,2016.0,1401.6,1324.8
1054.4,38.4,1.062,2016.0,1401.6,1324.8
1056.4,38.4,1.08,2016.0,1401.6,1324.8
1058.4,38.4,1.081,2016.0,1401.6,1324.8
1060.4,38.4,0.962,2016.0,1401.6,1324.8
1062.4,38.4,0.98,2016.0,1401.6,1324.8
1064.4,38.4,0.861,2016.0,1401.6,1324.8
1066.4,38.4,0.745,2016.0,1401.6,1324.8
1068.4,38.4,1.022,2016.0,1401.6,1324.8
1070.4,38.4,0.881,2016.0,1401.6,1324.8
1072.4,38.4,0.725,2016.0,1401.6,1324.8
1074.4,38.4,0.726,2016.0,1401.6,1324.8
1076.4,38.4,0.745,2016.0,1401.6,1324.8
1078.4,38.4,0.725,2016.0,1401.6,1324.8
1080.4,38.5,0.665,2016.0,1401.6,1324.8
1082.4,38.5,0.645,2016.0,1401.6,1324.8
1084.4,38.5,0.725,2016.0,1401.6,1324.8
1086.4,38.5,0.664,2016.0,1401.6,1324.8
1088.4,38.5,0.841,2016.0,1401.6,1324.8
1090.4,38.5,0.725,2016.0,1401.6,1324.8
1092.41,38.5,0.805,2016.0,1401.6,1324.8
1094.41,38.5,0.961,2016.0,1401.6,1324.8
1096.41,38.5,0.784,2016.0,1401.6,1324.8
1098.41,38.5,0.879,2016.0,1401.6,1324.8
1100.41,38.4,0.705,2016.0,1401.6,1324.8
1102.41,38.4,0.644,2016.0,1401.6,1324.8
1104.41,38.4,0.545,2016.0,1401.6,1324.8
1106.41,38.4,0.96,2016.0,1401.6,1324.8
1108.41,38.4,0.784,2016.0,1401.6,1324.8
1110.41,38.4,0.784,2016.0,1401.6,1324.8
1112.41,38.4,0.804,2016.0,1401.6,1324.8
1114.41,38.4,0.785,2016.0,1401.6,1324.8
1116.41,38.4,0.899,2016.0,1401.6,1324.8
1118.41,38.4,0.96,2016.0,1401.6,1324.8
1120.41,38.4,0.724,2016.0,1401.6,1324.8
1122.41,38.4,0.84,2016.0,1401.6,1324.8
1124.41,38.4,0.644,2016.0,1401.6,1324.8
1126.41,38.4,0.665,2016.0,1401.6,1324.8
1128.41,38.4,0.724,2016.0,1401.6,1324.8
1130.41,38.4,0.524,2016.0,1401.6,1324.8
1132.42,38.4,0.565,2016.0,1401.6,1324.8
1134.42,38.4,0.704,2016.0,1401.6,1324.8
1136.42,38.4,1.02,2016.0,1401.6,1324.8
1138.42,38.4,0.784,2016.0,1401.6,1324.8
1140.42,38.4,0.765,2016.0,1401.6,1324.8
1142.42,38.4,0.724,2016.0,1401.6,1324.8
1144.42,38.4,0.484,2016.0,1401.6,1324.8
1146.42,38.4,0.664,2016.0,1401.6,1324.8
1148.42,38.4,0.624,2016.0,1401.6,1324.8
1150.42,38.5,0.504,2016.0,1401.6,1324.8
1152.42,38.5,0.624,2016.0,1401.6,1324.8
1154.42,38.5,0.624,2016.0,1401.6,1324.8
1156.42,38.5,0.405,2016.0,1401.6,1324.8
1158.42,38.5,0.365,2016.0,1401.6,1324.8
1160.43,38.5,0.484,2016.0,1401.6,1324.8
1162.43,38.5,0.784,2016.0,1401.6,1324.8
1164.43,38.5,0.94,2016.0,1401.6,1324.8
1166.43,38.5,0.92,2016.0,1401.6,1324.8
1168.43,38.5,0.804,2016.0,1401.6,1324.8
1170.43,38.5,0.585,2016.0,1401.6,1324.8
1172.43,38.5,0.504,2016.0,1401.6,1324.8
1174.43,38.5,0.525,2016.0,1401.6,1324.8
1176.43,38.5,0.625,2016.0,1401.6,1324.8
1178.43,38.5,0.404,2016.0,1401.6,1324.8
1180.43,38.5,0.344,2016.0,1401.6,1324.8
1182.43,38.5,0.404,2016.0,1401.6,1324.8
1184.44,38.5,0.484,2016.0,1401.6,1324.8
1186.44,38.5,0.704,2016.0,1401.6,1324.8
1188.44,38.5,0.524,2016.0,1401.6,1324.8
1190.44,38.5,0.484,2016.0,1401.6,1324.8
1192.44,38.5,0.524,2016.0,1401.6,1324.8
1194.44,38.5,0.544,2016.0,1401.6,1324.8
1196.44,38.5,0.268,2016.0,1401.6,1324.8
1198.44,38.5,0.248,2016.0,1401.6,1324.8
1200.44,38.5,0.268,2016.0,1401.6,1324.8
1202.44,38.5,0.228,2016.0,1401.6,1324.8
1204.44,38.5,0.328,2016.0,1401.6,1324.8
1206.44,38.5,0.544,2016.0,1401.6,1324.8
1208.44,38.5,0.424,2016.0,1401.6,1324.8
1210.44,38.5,0.464,2016.0,1401.6,1324.8
1212.44,38.5,0.344,2016.0,1401.6,1324.8
1214.44,38.5,0.308,2016.0,1401.6,1324.8
1216.44,38.5,0.364,2016.0,1401.6,1324.8
1218.45,38.5,0.228,2016.0,1401.6,1324.8
1220.45,38.5,0.384,2016.0,1401.6,1324.8
1222.45,38.5,0.328,2016.0,1401.6,1324.8
1224.45,38.5,0.364,2016.0,1401.6,1324.8
1226.45,38.5,0.364,2016.0,1401.6,1324.8
1228.45,38.5,0.704,2016.0,1401.6,1324.8
1230.45,38.5,0.484,2016.0,1401.6,1324.8
1232.45,38.5,0.504,2016.0,1401.6,1324.8
1234.45,38.5,0.344,2016.0,1401.6,1324.8
1236.45,38.5,0.344,2016.0,1401.6,1324.8
1238.45,38.5,0.328,2016.0,1401.6,1324.8
1240.45,38.5,0.248,2016.0,1401.6,1324.8
1242.45,38.5,0.344,2016.0,1401.6,1324.8
1244.46,38.5,0.344,2016.0,1401.6,1324.8
1246.46,38.5,0.068,2016.0,1401.6,1324.8
1248.46,38.5,0.052,2016.0,1401.6,1324.8
1250.46,38.5,0.088,2016.0,1401.6,1324.8
1252.46,38.5,0.464,2016.0,1401.6,1324.8
1254.46,38.5,0.404,2016.0,1401.6,1324.8
1256.46,38.5,0.188,2016.0,1401.6,1324.8
1258.46,38.5,0.268,2016.0,1401.6,1324.8
1260.46,38.5,0.544,2016.0,1401.6,1324.8
1262.46,38.5,0.562,2016.0,1401.6,1324.8
1264.46,38.5,0.308,2016.0,1401.6,1324.8
1266.46,38.5,0.328,2016.0,1401.6,1324.8
1268.46,38.5,0.148,2016.0,1401.6,1324.8
1270.46,38.5,0.088,2016.0,1401.6,1324.8
1272.46,38.5,0.308,2016.0,1401.6,1324.8
1274.47,38.5,0.108,2016.0,1401.6,1324.8
1276.47,38.5,0.188,2016.0,1401.6,1324.8
1278.47,38.5,0.068,2016.0,1401.6,1324.8
1280.47,38.5,0.108,2016.0,1401.6,1324.8
1282.47,38.5,0.724,2016.0,1401.6,1324.8
1284.47,38.5,0.803,2016.0,1401.6,1324.8
1286.47,38.5,0.344,2016.0,1401.6,1324.8
1288.47,38.5,0.307,2016.0,1401.6,1324.8
1290.47,38.5,0.032,2016.0,1401.6,1324.8
1292.47,38.5,0.028,2016.0,1401.6,1324.8
1294.47,38.5,0.228,2016.0,1401.6,1324.8
1296.48,38.5,0.188,2016.0,1401.6,1324.8
1298.48,38.5,0.088,2016.0,1401.6,1324.8
1300.48,38.4,0.364,2016.0,1401.6,1324.8
1302.48,38.4,0.328,2016.0,1401.6,1324.8
1304.48,38.4,0.208,2016.0,1401.6,1324.8
1306.48,38.4,0.228,2016.0,1401.6,1324.8
1308.48,38.4,0.068,2016.0,1401.6,1324.8
1310.48,38.4,0.112,2016.0,1401.6,1324.8
1312.48,38.4,0.959,2016.0,1401.6,1324.8
1314.48,38.4,0.048,2016.0,1401.6,1324.8
1316.48,38.4,0.0,2016.0,1401.6,1324.8
1318.48,38.4,0.148,2016.0,1401.6,1324.8
1320.48,38.4,0.168,2016.0,1401.6,1324.8
1322.48,38.4,0.048,2016.0,1401.6,1324.8
1324.48,38.4,0.268,2016.0,1401.6,1324.8
1326.48,38.4,0.248,2016.0,1401.6,1324.8
1328.48,38.4,0.288,2016.0,1401.6,1324.8
1330.48,38.4,0.308,2016.0,1401.6,1324.8
1332.49,38.4,0.348,2016.0,1401.6,1324.8
1334.49,38.4,0.328,2016.0,1401.6,1324.8
1336.49,38.4,0.288,2016.0,1401.6,1324.8
1338.49,38.4,0.052,2016.0,1401.6,1324.8
1340.49,38.4,0.168,2016.0,1401.6,1324.8
1342.49,38.4,0.128,2016.0,1401.6,1324.8
1344.49,38.4,0.188,2016.0,1401.6,1324.8
1346.49,38.4,0.132,2016.0,1401.6,1324.8
1348.49,38.4,0.048,2016.0,1401.6,1324.8
1350.49,38.4,0.072,2016.0,1401.6,1324.8
1352.49,38.4,0.148,2016.0,1401.6,1324.8
1354.49,38.4,0.048,2016.0,1401.6,1324.8
1356.49,38.4,0.0,2016.0,1401.6,1324.8
1358.49,38.4,0.408,2016.0,1401.6,1324.8
1360.49,38.4,0.328,2016.0,1401.6,1324.8
1362.49,38.4,0.308,2016.0,1401.6,1324.8
1364.49,38.4,0.429,2016.0,1401.6,1324.8
1366.49,38.4,0.032,2016.0,1401.6,1324.8
1368.49,38.4,0.148,2016.0,1401.6,1324.8
1370.5,38.4,0.068,2016.0,1401.6,1324.8
1372.5,38.4,0.068,2016.0,1401.6,1324.8
1374.5,38.4,0.132,2016.0,1401.6,1324.8
1376.5,38.4,0.132,2016.0,1401.6,1324.8
1378.5,38.4,0.168,2016.0,1401.6,1324.8
1380.5,38.4,0.072,2016.0,1401.6,1324.8
1382.5,38.4,0.328,2016.0,1401.6,1324.8
1384.5,38.4,0.072,2016.0,1401.6,1324.8
1386.5,38.4,0.148,2016.0,1401.6,1324.8
1388.5,38.4,0.132,2016.0,1401.6,1324.8
1390.51,38.4,1.121,2016.0,1401.6,1324.8
1392.51,38.4,0.188,2016.0,1401.6,1324.8
1394.51,38.4,0.072,2016.0,1401.6,1324.8
1396.51,38.4,0.168,2016.0,1401.6,1324.8
1398.51,38.4,0.168,2016.0,1401.6,1324.8
1400.51,38.4,0.132,2016.0,1401.6,1324.8
1402.51,38.4,0.168,2016.0,1401.6,1324.8
1404.51,38.4,0.288,2016.0,1401.6,1324.8
1406.51,38.4,0.112,2016.0,1401.6,1324.8
1408.52,38.4,1.06,2016.0,1401.6,1324.8
1410.52,38.4,0.092,2016.0,1401.6,1324.8
1412.52,38.4,0.369,2016.0,1401.6,1324.8
1414.52,38.4,0.589,2016.0,1401.6,1324.8
1416.52,38.4,0.369,2016.0,1401.6,1324.8
1418.52,38.4,0.57,2016.0,1401.6,1324.8
1420.52,38.4,0.606,2016.0,1401.6,1324.8
1422.53,38.4,0.529,2016.0,1401.6,1324.8
1424.53,38.4,0.51,2016.0,1401.6,1324.8
1426.53,38.4,0.388,2016.0,1401.6,1324.8
1428.53,38.4,0.469,2016.0,1401.6,1324.8
1430.53,38.4,0.489,2016.0,1401.6,1324.8
1432.53,38.4,0.449,2016.0,1401.6,1324.8
1434.53,38.4,0.229,2016.0,1401.6,1324.8
1436.53,38.4,0.092,2016.0,1401.6,1324.8
1438.53,38.4,0.052,2016.0,1401.6,1324.8
1440.53,38.4,0.048,2016.0,1401.6,1324.8
1442.53,38.4,0.308,2016.0,1401.6,1324.8
1444.53,38.4,0.288,2016.0,1401.6,1324.8
1446.53,38.4,0.288,2016.0,1401.6,1324.8
1448.53,38.4,0.529,2016.0,1401.6,1324.8
1450.53,38.4,0.428,2016.0,1401.6,1324.8
1452.53,38.4,0.469,2016.0,1401.6,1324.8
1454.53,38.4,0.549,2016.0,1401.6,1324.8
1456.54,38.4,0.268,2016.0,1401.6,1324.8
1458.54,38.4,0.288,2016.0,1401.6,1324.8
1460.54,38.4,0.228,2016.0,1401.6,1324.8
1462.54,38.4,0.901,2016.0,1401.6,1324.8
1464.54,38.4,0.528,2016.0,1401.6,1324.8
1466.54,38.4,0.429,2016.0,1401.6,1324.8
1468.54,38.4,0.961,2016.0,1401.6,1324.8
1470.54,38.4,0.248,2016.0,1401.6,1324.8
1472.54,38.4,0.288,2016.0,1401.6,1324.8
1474.54,38.4,0.248,2016.0,1401.6,1324.8
1476.54,38.4,1.16,2016.0,1401.6,1324.8
1478.54,38.4,1.26,2016.0,1401.6,1324.8
1480.54,38.4,0.979,2016.0,1401.6,1324.8
1482.54,38.4,0.208,2016.0,1401.6,1324.8
1484.54,38.4,1.119,2016.0,1401.6,1324.8
1486.54,38.4,1.06,2016.0,1401.6,1324.8
1488.54,38.4,1.241,2016.0,1401.6,1324.8
1490.54,38.4,1.079,2016.0,1401.6,1324.8
1492.54,38.4,0.805,2016.0,1401.6,1324.8
1494.54,38.4,0.428,2016.0,1401.6,1324.8
1496.54,38.4,0.82,2016.0,1401.6,1324.8
1498.54,38.4,0.82,2016.0,1401.6,1324.8
1500.55,38.4,0.841,2016.0,1401.6,1324.8
1502.55,38.4,0.96,2016.0,1401.6,1324.8
1504.55,38.4,1.041,2016.0,1401.6,1324.8
1506.55,38.4,1.018,2016.0,1401.6,1324.8
1508.55,38.4,1.099,2016.0,1401.6,1324.8
1510.55,38.4,0.804,2016.0,1401.6,1324.8
1512.55,38.4,0.86,2016.0,1401.6,1324.8
1514.55,38.4,0.624,2016.0,1401.6,1324.8
1516.55,38.4,0.804,2016.0,1401.6,1324.8
1518.56,38.4,0.744,2016.0,1401.6,1324.8
1520.56,38.4,0.784,2016.0,1401.6,1324.8
1522.56,38.4,0.805,2016.0,1401.6,1324.8
1524.56,38.4,1.2,2016.0,1401.6,1324.8
1526.56,38.4,1.376,2016.0,1401.6,1324.8
1528.56,38.4,1.435,2016.0,1401.6,1324.8
1530.56,38.4,0.88,2016.0,1401.6,1324.8
1532.56,38.4,0.94,2016.0,1401.6,1324.8
1534.56,38.4,0.705,2016.0,1401.6,1324.8
1536.56,38.4,0.84,2016.0,1401.6,1324.8
1538.56,38.4,1.02,2016.0,1401.6,1324.8
1540.57,38.4,0.938,2016.0,1401.6,1324.8
1542.57,38.4,1.078,2016.0,1401.6,1324.8
1544.57,38.4,1.273,2016.0,1401.6,1324.8
1546.57,38.4,1.057,2016.0,1401.6,1324.8
1548.57,38.4,0.744,2016.0,1401.6,1324.8
1550.57,38.4,0.879,2016.0,1401.6,1324.8
1552.57,38.4,0.818,2016.0,1401.6,1324.8
1554.57,38.4,0.878,2016.0,1401.6,1324.8
1556.57,38.4,0.918,2016.0,1401.6,1324.8
1558.57,38.4,0.82,2016.0,1401.6,1324.8
1560.57,38.4,2.258,2016.0,1401.6,1324.8
1562.57,38.4,1.413,2016.0,1401.6,1324.8
1564.57,38.4,0.818,2016.0,1401.6,1324.8
1566.57,38.4,0.763,2016.0,1401.6,1324.8
1568.58,38.4,0.764,2016.0,1401.6,1324.8
1570.58,38.4,1.019,2016.0,1401.6,1324.8
1572.58,38.4,1.018,2016.0,1401.6,1324.8
1574.58,38.4,1.098,2016.0,1401.6,1324.8
1576.58,38.4,0.959,2016.0,1401.6,1324.8
1578.58,38.4,0.878,2016.0,1401.6,1324.8
1580.58,38.4,0.803,2016.0,1401.6,1324.8
1582.58,38.4,0.643,2016.0,1401.6,1324.8
1584.58,38.4,0.623,2016.0,1401.6,1324.8
1586.58,38.4,0.702,2016.0,1401.6,1324.8
1588.58,38.4,0.723,2016.0,1401.6,1324.8
1590.58,38.4,0.682,2016.0,1401.6,1324.8
1592.58,38.4,0.938,2016.0,1401.6,1324.8
1594.58,38.4,0.603,2016.0,1401.6,1324.8
1596.58,38.4,0.784,2016.0,1401.6,1324.8
1598.58,38.4,0.623,2016.0,1401.6,1324.8
1600.58,38.4,0.743,2016.0,1401.6,1324.8
1602.58,38.4,0.938,2016.0,1401.6,1324.8
1604.58,38.4,0.802,2016.0,1401.6,1324.8
1606.59,38.4,0.683,2016.0,1401.6,1324.8
1608.59,38.4,0.544,2016.0,1401.6,1324.8
1610.59,38.4,0.564,2016.0,1401.6,1324.8
1612.59,38.4,0.444,2016.0,1401.6,1324.8
1614.59,38.4,0.979,2016.0,1401.6,1324.8
1616.59,38.4,0.858,2016.0,1401.6,1324.8
1618.59,38.4,0.623,2016.0,1401.6,1324.8
1620.59,38.5,0.563,2016.0,1401.6,1324.8
1622.59,38.5,0.583,2016.0,1401.6,1324.8
1624.59,38.5,0.603,2016.0,1401.6,1324.8
1626.59,38.5,0.762,2016.0,1401.6,1324.8
1628.59,38.5,0.543,2016.0,1401.6,1324.8
1630.59,38.5,0.208,2016.0,1401.6,1324.8
1632.59,38.5,0.268,2016.0,1401.6,1324.8
1634.59,38.5,0.363,2016.0,1401.6,1324.8
1636.59,38.5,0.503,2016.0,1401.6,1324.8
1638.59,38.5,0.523,2016.0,1401.6,1324.8
1640.6,38.5,0.682,2016.0,1401.6,1324.8
1642.6,38.5,0.781,2016.0,1401.6,1324.8
1644.6,38.5,0.723,2016.0,1401.6,1324.8
1646.6,38.5,0.782,2016.0,1401.6,1324.8
1648.6,38.5,0.443,2016.0,1401.6,1324.8
1650.6,38.5,0.363,2016.0,1401.6,1324.8
1652.6,38.5,0.403,2016.0,1401.6,1324.8
1654.6,38.5,0.523,2016.0,1401.6,1324.8
1656.6,38.5,0.383,2016.0,1401.6,1324.8
1658.6,38.5,0.423,2016.0,1401.6,1324.8
1660.6,38.5,0.563,2016.0,1401.6,1324.8
1662.61,38.5,0.683,2016.0,1401.6,1324.8
1664.61,38.5,0.563,2016.0,1401.6,1324.8
1666.61,38.5,0.363,2016.0,1401.6,1324.8
1668.61,38.5,0.403,2016.0,1401.6,1324.8
1670.61,38.5,0.364,2016.0,1401.6,1324.8
1672.61,38.5,0.403,2016.0,1401.6,1324.8
1674.61,38.5,0.148,2016.0,1401.6,1324.8
1676.61,38.5,0.383,2016.0,1401.6,1324.8
1678.61,38.5,0.228,2016.0,1401.6,1324.8
1680.61,38.5,0.267,2016.0,1401.6,1324.8
1682.61,38.5,0.543,2016.0,1401.6,1324.8
1684.61,38.5,0.383,2016.0,1401.6,1324.8
1686.61,38.5,0.208,2016.0,1401.6,1324.8
1688.61,38.5,0.248,2016.0,1401.6,1324.8
1690.61,38.5,0.288,2016.0,1401.6,1324.8
1692.61,38.5,0.088,2016.0,1401.6,1324.8
1694.61,38.5,0.088,2016.0,1401.6,1324.8
1696.61,38.5,0.128,2016.0,1401.6,1324.8
1698.61,38.5,0.443,2016.0,1401.6,1324.8
1700.61,38.5,0.092,2016.0,1401.6,1324.8
1702.61,38.5,0.383,2016.0,1401.6,1324.8
1704.61,38.5,0.028,2016.0,1401.6,1324.8
1706.61,38.5,0.207,2016.0,1401.6,1324.8
1708.61,38.5,0.364,2016.0,1401.6,1324.8
1710.61,38.5,0.168,2016.0,1401.6,1324.8
1712.61,38.5,0.228,2016.0,1401.6,1324.8
1714.61,38.5,0.228,2016.0,1401.6,1324.8
1716.61,38.5,0.088,2016.0,1401.6,1324.8
1718.61,38.5,0.048,2016.0,1401.6,1324.8
1720.62,38.5,0.088,2016.0,1401.6,1324.8
1722.62,38.5,0.248,2016.0,1401.6,1324.8
1724.62,38.5,0.662,2016.0,1401.6,1324.8
1726.62,38.5,0.028,2016.0,1401.6,1324.8
1728.62,38.5,0.208,2016.0,1401.6,1324.8
1730.62,38.5,0.384,2016.0,1401.6,1324.8
1732.62,38.5,0.343,2016.0,1401.6,1324.8
1734.62,38.5,0.048,2016.0,1401.6,1324.8
1736.62,38.5,0.048,2016.0,1401.6,1324.8
1738.62,38.5,0.108,2016.0,1401.6,1324.8
1740.63,38.5,0.403,2016.0,1401.6,1324.8
1742.63,38.5,0.268,2016.0,1401.6,1324.8
1744.63,38.5,0.288,2016.0,1401.6,1324.8
1746.63,38.5,0.228,2016.0,1401.6,1324.8
1748.63,38.5,0.248,2016.0,1401.6,1324.8
1750.63,38.5,0.423,2016.0,1401.6,1324.8
1752.63,38.5,0.423,2016.0,1401.6,1324.8
1754.63,38.5,0.148,2016.0,1401.6,1324.8
1756.64,38.5,0.188,2016.0,1401.6,1324.8
1758.64,38.5,0.248,2016.0,1401.6,1324.8
1760.65,38.5,0.148,2016.0,1401.6,1324.8
1762.65,38.5,0.248,2016.0,1401.6,1324.8
1764.65,38.5,0.108,2016.0,1401.6,1324.8
1766.65,38.5,0.148,2016.0,1401.6,1324.8
1768.65,38.5,0.048,2016.0,1401.6,1324.8
1770.65,38.5,0.228,2016.0,1401.6,1324.8
1772.65,38.5,0.092,2016.0,1401.6,1324.8
1774.65,38.5,0.048,2016.0,1401.6,1324.8
1776.66,38.5,0.0,2016.0,1401.6,1324.8
1778.66,38.5,0.028,2016.0,1401.6,1324.8
1780.66,38.5,0.128,2016.0,1401.6,1324.8
1782.66,38.5,0.307,2016.0,1401.6,1324.8
1784.66,38.5,0.132,2016.0,1401.6,1324.8
1786.66,38.5,0.032,2016.0,1401.6,1324.8
1788.66,38.5,0.188,2016.0,1401.6,1324.8
1790.66,38.5,0.112,2016.0,1401.6,1324.8
1792.66,38.5,0.148,2016.0,1401.6,1324.8
1794.66,38.5,0.112,2016.0,1401.6,1324.8
1796.66,38.5,0.287,2016.0,1401.6,1324.8
1798.66,38.5,0.128,2016.0,1401.6,1324.8
